session_id,user_segment,device,version,impressions,clicks,ctr
1,returning,mobile,A,18,2,0.1111111111111111
2,returning,mobile,B,11,0,0.0
3,returning,mobile,A,35,1,0.02857142857142857
4,returning,mobile,A,38,1,0.02631578947368421
5,new,mobile,B,41,4,0.0975609756097561
6,returning,mobile,B,48,2,0.041666666666666664
7,returning,desktop,A,30,0,0.0
8,returning,mobile,B,43,2,0.046511627906976744
9,new,desktop,A,39,1,0.02564102564102564
10,returning,mobile,A,21,0,0.0
11,new,mobile,A,44,1,0.022727272727272728
12,returning,mobile,B,12,0,0.0
13,returning,mobile,B,34,3,0.08823529411764706
14,returning,desktop,A,48,1,0.020833333333333332
15,returning,mobile,A,37,2,0.05405405405405406
16,new,mobile,A,48,1,0.020833333333333332
17,returning,mobile,A,12,1,0.08333333333333333
18,new,desktop,A,31,0,0.0
19,returning,mobile,A,42,3,0.07142857142857142
20,returning,mobile,B,36,1,0.027777777777777776
21,returning,desktop,A,46,0,0.0
22,new,desktop,A,28,0,0.0
23,returning,desktop,B,37,0,0.0
24,returning,mobile,A,27,0,0.0
25,returning,mobile,A,45,2,0.044444444444444446
26,new,mobile,A,14,2,0.14285714285714285
27,returning,desktop,A,20,1,0.05
28,new,mobile,A,13,0,0.0
29,new,desktop,B,38,1,0.02631578947368421
30,returning,mobile,A,19,1,0.05263157894736842
31,returning,mobile,B,23,2,0.08695652173913043
32,returning,desktop,B,44,1,0.022727272727272728
33,new,mobile,A,24,2,0.08333333333333333
34,new,desktop,A,15,0,0.0
35,returning,mobile,A,10,1,0.1
36,new,mobile,A,19,3,0.15789473684210525
37,new,mobile,B,47,2,0.0425531914893617
38,returning,mobile,B,32,0,0.0
39,new,mobile,A,50,2,0.04
40,returning,mobile,A,18,0,0.0
41,returning,mobile,A,24,1,0.041666666666666664
42,returning,mobile,B,16,0,0.0
43,returning,mobile,B,26,1,0.038461538461538464
44,new,mobile,A,33,2,0.06060606060606061
45,returning,mobile,A,43,0,0.0
46,returning,mobile,A,25,0,0.0
47,new,mobile,A,41,2,0.04878048780487805
48,new,desktop,A,35,1,0.02857142857142857
49,returning,desktop,A,21,0,0.0
50,new,mobile,A,47,0,0.0
51,new,mobile,A,27,1,0.037037037037037035
52,new,mobile,A,16,0,0.0
53,returning,mobile,B,49,2,0.04081632653061224
54,returning,mobile,B,47,1,0.02127659574468085
55,returning,mobile,A,12,0,0.0
56,returning,mobile,A,47,1,0.02127659574468085
57,returning,desktop,B,48,1,0.020833333333333332
58,returning,mobile,B,43,3,0.06976744186046512
59,new,mobile,A,20,0,0.0
60,new,desktop,B,35,1,0.02857142857142857
61,returning,desktop,A,32,3,0.09375
62,returning,mobile,A,35,1,0.02857142857142857
63,returning,mobile,B,35,1,0.02857142857142857
64,returning,mobile,B,36,0,0.0
65,returning,mobile,B,31,0,0.0
66,returning,desktop,A,38,0,0.0
67,returning,mobile,B,31,2,0.06451612903225806
68,new,mobile,A,10,1,0.1
69,new,mobile,B,11,0,0.0
70,returning,mobile,A,49,1,0.02040816326530612
71,new,desktop,A,47,0,0.0
72,returning,mobile,B,34,1,0.029411764705882353
73,returning,mobile,B,17,1,0.058823529411764705
74,new,desktop,B,42,1,0.023809523809523808
75,new,desktop,A,15,1,0.06666666666666667
76,new,mobile,A,25,0,0.0
77,new,mobile,B,23,1,0.043478260869565216
78,returning,mobile,B,10,0,0.0
79,returning,mobile,A,43,1,0.023255813953488372
80,returning,mobile,B,30,3,0.1
81,returning,mobile,B,22,0,0.0
82,returning,desktop,A,30,1,0.03333333333333333
83,returning,desktop,B,10,0,0.0
84,new,desktop,B,27,2,0.07407407407407407
85,new,desktop,B,31,1,0.03225806451612903
86,new,desktop,B,23,0,0.0
87,returning,desktop,A,44,1,0.022727272727272728
88,returning,desktop,B,20,1,0.05
89,new,mobile,B,15,1,0.06666666666666667
90,returning,mobile,B,31,2,0.06451612903225806
91,new,mobile,B,46,1,0.021739130434782608
92,returning,mobile,A,25,1,0.04
93,returning,mobile,A,11,1,0.09090909090909091
94,new,mobile,A,49,1,0.02040816326530612
95,new,mobile,B,28,1,0.03571428571428571
96,returning,mobile,B,17,2,0.11764705882352941
97,new,mobile,B,35,2,0.05714285714285714
98,new,desktop,A,23,2,0.08695652173913043
99,new,desktop,B,48,1,0.020833333333333332
100,returning,mobile,A,22,3,0.13636363636363635
101,returning,mobile,A,32,0,0.0
102,returning,mobile,B,32,1,0.03125
103,new,desktop,A,19,0,0.0
104,returning,desktop,A,30,1,0.03333333333333333
105,returning,mobile,A,14,1,0.07142857142857142
106,returning,desktop,A,36,1,0.027777777777777776
107,returning,mobile,A,41,2,0.04878048780487805
108,new,mobile,B,48,2,0.041666666666666664
109,new,desktop,B,23,1,0.043478260869565216
110,returning,mobile,A,21,0,0.0
111,returning,mobile,A,32,0,0.0
112,new,mobile,A,38,1,0.02631578947368421
113,new,mobile,A,50,3,0.06
114,returning,desktop,B,11,1,0.09090909090909091
115,new,desktop,A,19,1,0.05263157894736842
116,returning,mobile,A,20,0,0.0
117,returning,mobile,A,20,1,0.05
118,returning,desktop,A,29,0,0.0
119,returning,mobile,A,45,1,0.022222222222222223
120,returning,desktop,A,11,0,0.0
121,returning,mobile,B,43,1,0.023255813953488372
122,returning,mobile,B,35,0,0.0
123,new,desktop,B,35,1,0.02857142857142857
124,returning,mobile,A,37,1,0.02702702702702703
125,new,mobile,B,14,0,0.0
126,returning,mobile,B,40,1,0.025
127,new,mobile,A,20,1,0.05
128,new,mobile,A,31,1,0.03225806451612903
129,new,mobile,B,37,1,0.02702702702702703
130,returning,desktop,A,34,1,0.029411764705882353
131,new,desktop,A,23,0,0.0
132,returning,mobile,B,26,2,0.07692307692307693
133,returning,mobile,B,29,0,0.0
134,new,desktop,B,11,0,0.0
135,returning,desktop,B,39,0,0.0
136,new,mobile,B,14,1,0.07142857142857142
137,returning,mobile,B,28,0,0.0
138,returning,mobile,A,36,3,0.08333333333333333
139,returning,mobile,B,13,0,0.0
140,new,mobile,B,50,2,0.04
141,returning,mobile,B,25,0,0.0
142,returning,desktop,B,10,0,0.0
143,returning,desktop,A,37,0,0.0
144,returning,desktop,A,32,1,0.03125
145,returning,mobile,A,36,1,0.027777777777777776
146,new,mobile,A,40,3,0.075
147,new,desktop,A,29,1,0.034482758620689655
148,returning,desktop,B,43,5,0.11627906976744186
149,returning,mobile,B,25,0,0.0
150,new,desktop,A,32,2,0.0625
151,returning,mobile,A,16,0,0.0
152,returning,desktop,B,35,1,0.02857142857142857
153,new,mobile,B,20,3,0.15
154,returning,mobile,B,38,2,0.05263157894736842
155,new,mobile,A,42,3,0.07142857142857142
156,returning,mobile,A,45,2,0.044444444444444446
157,new,mobile,B,48,1,0.020833333333333332
158,returning,mobile,A,15,1,0.06666666666666667
159,returning,mobile,A,15,0,0.0
160,returning,desktop,A,47,3,0.06382978723404255
161,new,mobile,A,25,1,0.04
162,returning,mobile,A,11,0,0.0
163,new,desktop,B,21,0,0.0
164,new,mobile,A,44,0,0.0
165,returning,mobile,B,24,1,0.041666666666666664
166,new,desktop,B,13,0,0.0
167,returning,desktop,A,39,2,0.05128205128205128
168,returning,mobile,A,17,0,0.0
169,new,desktop,B,24,1,0.041666666666666664
170,returning,mobile,B,10,0,0.0
171,new,mobile,A,34,1,0.029411764705882353
172,returning,desktop,A,28,0,0.0
173,new,mobile,B,45,3,0.06666666666666667
174,returning,desktop,A,23,0,0.0
175,new,mobile,A,18,0,0.0
176,new,desktop,A,16,0,0.0
177,returning,mobile,A,18,1,0.05555555555555555
178,returning,mobile,B,28,0,0.0
179,returning,mobile,A,13,1,0.07692307692307693
180,returning,mobile,A,26,2,0.07692307692307693
181,returning,desktop,B,45,2,0.044444444444444446
182,returning,mobile,A,41,0,0.0
183,returning,mobile,A,36,0,0.0
184,new,mobile,B,46,1,0.021739130434782608
185,returning,mobile,A,41,0,0.0
186,returning,desktop,B,36,1,0.027777777777777776
187,new,mobile,A,45,1,0.022222222222222223
188,new,desktop,A,15,0,0.0
189,returning,mobile,A,43,0,0.0
190,new,mobile,B,22,1,0.045454545454545456
191,returning,mobile,A,40,0,0.0
192,new,mobile,A,47,2,0.0425531914893617
193,new,desktop,B,30,0,0.0
194,returning,desktop,A,13,2,0.15384615384615385
195,new,desktop,B,25,1,0.04
196,new,mobile,A,26,0,0.0
197,returning,mobile,B,48,0,0.0
198,returning,mobile,A,48,1,0.020833333333333332
199,new,mobile,B,33,0,0.0
200,new,desktop,A,48,0,0.0
201,returning,mobile,B,27,2,0.07407407407407407
202,returning,mobile,B,26,1,0.038461538461538464
203,returning,desktop,A,44,0,0.0
204,new,desktop,A,37,1,0.02702702702702703
205,new,mobile,A,31,0,0.0
206,new,mobile,B,28,4,0.14285714285714285
207,new,mobile,B,38,0,0.0
208,returning,mobile,B,40,2,0.05
209,new,mobile,A,30,2,0.06666666666666667
210,returning,mobile,B,11,0,0.0
211,returning,desktop,A,14,0,0.0
212,returning,desktop,B,15,0,0.0
213,new,mobile,A,28,2,0.07142857142857142
214,returning,mobile,B,35,1,0.02857142857142857
215,returning,mobile,B,42,2,0.047619047619047616
216,returning,mobile,B,19,2,0.10526315789473684
217,new,mobile,A,42,3,0.07142857142857142
218,new,mobile,A,37,1,0.02702702702702703
219,returning,mobile,B,12,0,0.0
220,new,mobile,A,24,1,0.041666666666666664
221,new,mobile,A,22,0,0.0
222,returning,mobile,B,46,3,0.06521739130434782
223,returning,desktop,B,47,0,0.0
224,returning,mobile,B,43,1,0.023255813953488372
225,new,mobile,B,31,2,0.06451612903225806
226,returning,desktop,A,30,0,0.0
227,new,mobile,A,22,0,0.0
228,returning,mobile,B,41,0,0.0
229,returning,desktop,A,13,0,0.0
230,new,mobile,A,21,2,0.09523809523809523
231,new,mobile,A,15,0,0.0
232,returning,mobile,B,30,0,0.0
233,returning,mobile,B,22,1,0.045454545454545456
234,returning,mobile,A,18,2,0.1111111111111111
235,returning,mobile,A,25,0,0.0
236,returning,mobile,A,45,3,0.06666666666666667
237,returning,mobile,B,32,2,0.0625
238,returning,mobile,A,43,1,0.023255813953488372
239,new,mobile,B,47,3,0.06382978723404255
240,new,mobile,A,46,2,0.043478260869565216
241,returning,desktop,A,24,0,0.0
242,returning,mobile,A,45,1,0.022222222222222223
243,new,mobile,B,47,2,0.0425531914893617
244,returning,mobile,A,49,3,0.061224489795918366
245,returning,mobile,A,24,1,0.041666666666666664
246,returning,mobile,A,19,4,0.21052631578947367
247,returning,mobile,A,33,1,0.030303030303030304
248,returning,mobile,A,48,2,0.041666666666666664
249,new,desktop,B,46,2,0.043478260869565216
250,returning,desktop,A,33,0,0.0
251,returning,mobile,A,16,0,0.0
252,returning,mobile,A,27,1,0.037037037037037035
253,returning,mobile,B,39,2,0.05128205128205128
254,new,mobile,A,32,0,0.0
255,new,mobile,A,24,1,0.041666666666666664
256,returning,desktop,A,24,0,0.0
257,returning,desktop,A,12,0,0.0
258,new,desktop,A,21,0,0.0
259,new,mobile,B,37,0,0.0
260,returning,desktop,A,19,1,0.05263157894736842
261,new,mobile,A,50,0,0.0
262,returning,mobile,A,13,1,0.07692307692307693
263,new,mobile,A,34,0,0.0
264,new,desktop,B,30,4,0.13333333333333333
265,returning,mobile,B,44,2,0.045454545454545456
266,new,desktop,B,46,0,0.0
267,new,mobile,A,32,0,0.0
268,new,desktop,B,35,0,0.0
269,new,mobile,A,38,2,0.05263157894736842
270,new,mobile,B,31,2,0.06451612903225806
271,new,desktop,B,17,0,0.0
272,new,mobile,B,27,1,0.037037037037037035
273,new,mobile,B,19,1,0.05263157894736842
274,returning,mobile,A,29,1,0.034482758620689655
275,returning,mobile,A,35,2,0.05714285714285714
276,new,mobile,B,18,1,0.05555555555555555
277,new,mobile,A,20,1,0.05
278,returning,mobile,B,43,6,0.13953488372093023
279,returning,desktop,B,25,0,0.0
280,returning,mobile,B,18,0,0.0
281,new,mobile,A,39,0,0.0
282,new,mobile,B,39,2,0.05128205128205128
283,new,mobile,A,43,1,0.023255813953488372
284,new,mobile,A,41,3,0.07317073170731707
285,returning,desktop,A,50,2,0.04
286,returning,desktop,B,33,1,0.030303030303030304
287,new,mobile,B,21,2,0.09523809523809523
288,new,mobile,B,45,1,0.022222222222222223
289,returning,mobile,B,20,2,0.1
290,new,mobile,A,21,0,0.0
291,returning,mobile,A,43,1,0.023255813953488372
292,new,mobile,B,46,4,0.08695652173913043
293,returning,mobile,A,23,1,0.043478260869565216
294,new,mobile,A,39,2,0.05128205128205128
295,returning,mobile,B,47,1,0.02127659574468085
296,returning,mobile,B,42,3,0.07142857142857142
297,returning,mobile,A,10,0,0.0
298,returning,mobile,B,37,2,0.05405405405405406
299,returning,desktop,A,16,0,0.0
300,returning,mobile,A,44,0,0.0
301,returning,mobile,A,12,0,0.0
302,new,mobile,B,50,0,0.0
303,returning,desktop,A,17,1,0.058823529411764705
304,returning,mobile,A,27,2,0.07407407407407407
305,returning,desktop,B,19,2,0.10526315789473684
306,returning,desktop,B,43,0,0.0
307,new,mobile,B,26,2,0.07692307692307693
308,returning,mobile,B,40,0,0.0
309,new,mobile,B,12,0,0.0
310,new,desktop,B,28,2,0.07142857142857142
311,returning,mobile,B,47,0,0.0
312,returning,desktop,B,48,0,0.0
313,new,mobile,A,18,0,0.0
314,new,mobile,A,26,1,0.038461538461538464
315,new,mobile,B,26,2,0.07692307692307693
316,new,mobile,A,33,0,0.0
317,new,mobile,B,32,0,0.0
318,returning,mobile,A,14,0,0.0
319,new,desktop,B,41,0,0.0
320,returning,desktop,A,19,1,0.05263157894736842
321,returning,mobile,B,22,3,0.13636363636363635
322,returning,mobile,A,44,2,0.045454545454545456
323,new,mobile,A,38,3,0.07894736842105263
324,returning,desktop,A,26,0,0.0
325,returning,mobile,B,47,4,0.0851063829787234
326,returning,desktop,A,26,0,0.0
327,returning,mobile,B,33,0,0.0
328,returning,mobile,A,20,1,0.05
329,returning,mobile,A,17,0,0.0
330,new,mobile,B,30,3,0.1
331,returning,desktop,A,33,2,0.06060606060606061
332,new,mobile,A,43,3,0.06976744186046512
333,returning,mobile,B,26,0,0.0
334,returning,desktop,B,46,1,0.021739130434782608
335,new,desktop,B,34,2,0.058823529411764705
336,returning,desktop,A,12,0,0.0
337,new,mobile,B,40,1,0.025
338,returning,mobile,A,33,2,0.06060606060606061
339,new,desktop,B,25,3,0.12
340,returning,mobile,B,29,2,0.06896551724137931
341,new,mobile,A,22,0,0.0
342,returning,desktop,A,35,0,0.0
343,returning,mobile,A,33,1,0.030303030303030304
344,returning,mobile,A,28,0,0.0
345,returning,desktop,A,21,0,0.0
346,returning,mobile,B,26,0,0.0
347,returning,mobile,A,30,0,0.0
348,new,mobile,A,29,1,0.034482758620689655
349,returning,mobile,B,22,0,0.0
350,new,mobile,A,33,1,0.030303030303030304
351,returning,desktop,B,19,0,0.0
352,new,desktop,B,30,1,0.03333333333333333
353,returning,mobile,B,14,0,0.0
354,returning,mobile,A,29,2,0.06896551724137931
355,returning,desktop,A,42,0,0.0
356,returning,mobile,B,43,2,0.046511627906976744
357,returning,mobile,B,38,1,0.02631578947368421
358,returning,mobile,A,40,0,0.0
359,returning,mobile,B,12,0,0.0
360,returning,mobile,B,23,2,0.08695652173913043
361,returning,mobile,A,36,3,0.08333333333333333
362,new,mobile,B,42,1,0.023809523809523808
363,new,mobile,A,33,0,0.0
364,new,mobile,B,44,2,0.045454545454545456
365,returning,mobile,B,21,1,0.047619047619047616
366,returning,mobile,B,16,0,0.0
367,returning,mobile,A,13,1,0.07692307692307693
368,returning,mobile,A,33,1,0.030303030303030304
369,new,mobile,B,37,2,0.05405405405405406
370,returning,mobile,B,21,0,0.0
371,returning,mobile,B,42,2,0.047619047619047616
372,new,desktop,A,40,1,0.025
373,new,mobile,A,24,1,0.041666666666666664
374,new,desktop,B,19,0,0.0
375,new,desktop,A,40,2,0.05
376,new,mobile,B,37,2,0.05405405405405406
377,returning,mobile,A,17,1,0.058823529411764705
378,returning,desktop,A,20,0,0.0
379,new,mobile,A,29,0,0.0
380,returning,mobile,B,30,1,0.03333333333333333
381,returning,mobile,B,16,1,0.0625
382,returning,mobile,A,48,4,0.08333333333333333
383,returning,mobile,A,25,0,0.0
384,returning,desktop,B,25,2,0.08
385,new,desktop,A,12,0,0.0
386,returning,mobile,B,45,1,0.022222222222222223
387,returning,desktop,A,19,0,0.0
388,returning,mobile,A,50,2,0.04
389,new,desktop,A,30,0,0.0
390,returning,mobile,B,45,1,0.022222222222222223
391,returning,desktop,A,17,1,0.058823529411764705
392,new,desktop,B,16,0,0.0
393,returning,mobile,A,42,0,0.0
394,returning,mobile,A,43,0,0.0
395,new,desktop,B,32,1,0.03125
396,returning,mobile,B,11,0,0.0
397,returning,mobile,A,48,0,0.0
398,new,desktop,A,26,1,0.038461538461538464
399,returning,mobile,A,48,1,0.020833333333333332
400,returning,mobile,B,45,1,0.022222222222222223
401,new,mobile,A,44,1,0.022727272727272728
402,returning,mobile,A,38,0,0.0
403,returning,desktop,A,37,0,0.0
404,new,mobile,B,31,0,0.0
405,returning,mobile,A,11,0,0.0
406,returning,mobile,B,25,0,0.0
407,new,desktop,A,39,2,0.05128205128205128
408,returning,mobile,A,43,2,0.046511627906976744
409,new,desktop,A,32,1,0.03125
410,returning,desktop,A,39,1,0.02564102564102564
411,returning,desktop,A,10,0,0.0
412,returning,desktop,B,29,1,0.034482758620689655
413,new,desktop,A,30,0,0.0
414,returning,desktop,B,46,1,0.021739130434782608
415,new,mobile,A,22,0,0.0
416,new,desktop,A,19,0,0.0
417,new,mobile,A,24,0,0.0
418,returning,mobile,A,16,1,0.0625
419,new,desktop,B,32,3,0.09375
420,returning,desktop,A,36,0,0.0
421,returning,desktop,B,42,1,0.023809523809523808
422,new,mobile,B,49,1,0.02040816326530612
423,new,mobile,B,13,0,0.0
424,new,mobile,A,20,1,0.05
425,returning,mobile,A,22,0,0.0
426,returning,mobile,B,20,1,0.05
427,new,mobile,A,43,4,0.09302325581395349
428,returning,mobile,A,15,1,0.06666666666666667
429,new,desktop,B,11,0,0.0
430,returning,mobile,B,45,2,0.044444444444444446
431,returning,desktop,B,49,1,0.02040816326530612
432,returning,mobile,A,19,0,0.0
433,returning,mobile,B,23,1,0.043478260869565216
434,returning,mobile,A,30,0,0.0
435,new,mobile,B,31,2,0.06451612903225806
436,new,desktop,B,50,1,0.02
437,new,mobile,B,26,1,0.038461538461538464
438,returning,mobile,B,10,0,0.0
439,returning,desktop,A,27,2,0.07407407407407407
440,returning,desktop,A,32,0,0.0
441,returning,mobile,A,31,0,0.0
442,new,mobile,A,31,0,0.0
443,returning,mobile,B,47,2,0.0425531914893617
444,new,mobile,A,43,5,0.11627906976744186
445,new,mobile,B,20,0,0.0
446,returning,mobile,A,24,2,0.08333333333333333
447,returning,desktop,A,37,0,0.0
448,returning,mobile,A,26,1,0.038461538461538464
449,new,mobile,B,27,0,0.0
450,returning,mobile,B,16,1,0.0625
451,new,desktop,B,20,1,0.05
452,returning,mobile,A,40,1,0.025
453,returning,desktop,A,44,0,0.0
454,new,desktop,B,42,2,0.047619047619047616
455,new,mobile,B,22,3,0.13636363636363635
456,new,mobile,A,15,0,0.0
457,returning,mobile,B,16,1,0.0625
458,returning,mobile,A,26,1,0.038461538461538464
459,returning,desktop,A,31,0,0.0
460,returning,mobile,B,46,3,0.06521739130434782
461,returning,desktop,A,46,0,0.0
462,new,mobile,A,10,1,0.1
463,returning,mobile,B,39,0,0.0
464,new,mobile,B,22,0,0.0
465,returning,mobile,A,18,0,0.0
466,returning,mobile,A,32,1,0.03125
467,returning,mobile,B,11,1,0.09090909090909091
468,returning,mobile,B,23,4,0.17391304347826086
469,new,desktop,B,32,0,0.0
470,returning,mobile,B,21,0,0.0
471,returning,desktop,A,34,1,0.029411764705882353
472,returning,mobile,B,28,1,0.03571428571428571
473,new,mobile,A,42,1,0.023809523809523808
474,new,mobile,A,17,1,0.058823529411764705
475,new,mobile,B,12,1,0.08333333333333333
476,new,mobile,A,31,0,0.0
477,returning,mobile,B,20,1,0.05
478,returning,desktop,A,38,1,0.02631578947368421
479,returning,mobile,B,13,0,0.0
480,returning,mobile,B,33,0,0.0
481,returning,mobile,A,50,1,0.02
482,new,mobile,A,13,0,0.0
483,returning,mobile,B,22,0,0.0
484,new,mobile,A,44,2,0.045454545454545456
485,new,mobile,A,31,1,0.03225806451612903
486,returning,mobile,A,17,1,0.058823529411764705
487,returning,desktop,B,18,1,0.05555555555555555
488,new,mobile,A,41,3,0.07317073170731707
489,returning,desktop,B,45,0,0.0
490,returning,mobile,A,24,0,0.0
491,returning,mobile,A,29,0,0.0
492,returning,desktop,A,42,1,0.023809523809523808
493,returning,mobile,B,17,0,0.0
494,new,desktop,A,18,1,0.05555555555555555
495,returning,mobile,A,41,1,0.024390243902439025
496,returning,mobile,B,17,0,0.0
497,returning,desktop,A,41,1,0.024390243902439025
498,returning,mobile,A,30,1,0.03333333333333333
499,new,mobile,A,50,3,0.06
500,returning,mobile,A,11,1,0.09090909090909091
501,returning,mobile,B,48,2,0.041666666666666664
502,returning,desktop,B,19,1,0.05263157894736842
503,returning,mobile,B,11,1,0.09090909090909091
504,returning,mobile,B,39,0,0.0
505,returning,desktop,A,31,1,0.03225806451612903
506,returning,mobile,A,44,2,0.045454545454545456
507,new,desktop,A,14,0,0.0
508,returning,mobile,B,13,1,0.07692307692307693
509,returning,mobile,A,33,1,0.030303030303030304
510,new,desktop,B,46,1,0.021739130434782608
511,new,mobile,A,26,0,0.0
512,returning,mobile,B,42,2,0.047619047619047616
513,new,mobile,A,47,3,0.06382978723404255
514,new,desktop,B,45,0,0.0
515,new,desktop,B,30,1,0.03333333333333333
516,new,mobile,B,38,0,0.0
517,new,mobile,A,31,0,0.0
518,returning,desktop,A,37,3,0.08108108108108109
519,new,mobile,B,33,1,0.030303030303030304
520,returning,mobile,A,31,1,0.03225806451612903
521,returning,mobile,B,27,0,0.0
522,new,mobile,B,36,5,0.1388888888888889
523,new,desktop,B,40,0,0.0
524,returning,desktop,B,47,2,0.0425531914893617
525,new,desktop,B,35,0,0.0
526,new,mobile,A,14,0,0.0
527,returning,mobile,A,34,2,0.058823529411764705
528,returning,mobile,A,22,0,0.0
529,returning,mobile,A,11,0,0.0
530,new,mobile,B,12,0,0.0
531,returning,mobile,A,34,1,0.029411764705882353
532,returning,mobile,A,48,3,0.0625
533,new,mobile,B,30,2,0.06666666666666667
534,returning,desktop,B,28,0,0.0
535,new,mobile,A,13,0,0.0
536,new,mobile,B,37,5,0.13513513513513514
537,returning,desktop,A,12,0,0.0
538,new,desktop,B,44,0,0.0
539,new,desktop,B,43,2,0.046511627906976744
540,returning,mobile,B,50,1,0.02
541,returning,desktop,B,21,1,0.047619047619047616
542,returning,mobile,B,16,1,0.0625
543,returning,mobile,B,22,0,0.0
544,returning,mobile,B,42,1,0.023809523809523808
545,new,mobile,A,18,1,0.05555555555555555
546,returning,mobile,B,46,1,0.021739130434782608
547,new,mobile,B,16,2,0.125
548,new,desktop,B,12,0,0.0
549,returning,mobile,B,18,0,0.0
550,returning,mobile,B,40,3,0.075
551,returning,mobile,A,34,0,0.0
552,new,mobile,A,24,2,0.08333333333333333
553,new,mobile,A,36,0,0.0
554,returning,mobile,B,36,1,0.027777777777777776
555,new,mobile,B,32,0,0.0
556,new,desktop,A,31,1,0.03225806451612903
557,new,desktop,A,14,1,0.07142857142857142
558,returning,mobile,B,20,1,0.05
559,returning,mobile,B,31,4,0.12903225806451613
560,returning,desktop,B,15,1,0.06666666666666667
561,new,desktop,A,29,1,0.034482758620689655
562,new,mobile,A,14,0,0.0
563,returning,desktop,A,42,3,0.07142857142857142
564,returning,desktop,A,14,1,0.07142857142857142
565,returning,desktop,B,13,1,0.07692307692307693
566,returning,mobile,A,36,0,0.0
567,returning,mobile,B,19,1,0.05263157894736842
568,new,mobile,B,24,1,0.041666666666666664
569,new,mobile,A,22,0,0.0
570,returning,mobile,A,18,0,0.0
571,new,mobile,B,41,4,0.0975609756097561
572,returning,mobile,A,38,1,0.02631578947368421
573,returning,mobile,A,19,0,0.0
574,returning,desktop,B,38,1,0.02631578947368421
575,returning,mobile,B,39,1,0.02564102564102564
576,returning,mobile,B,32,2,0.0625
577,returning,desktop,A,33,2,0.06060606060606061
578,returning,desktop,A,48,5,0.10416666666666667
579,returning,desktop,A,28,1,0.03571428571428571
580,new,desktop,A,25,1,0.04
581,returning,desktop,A,32,0,0.0
582,returning,mobile,B,44,3,0.06818181818181818
583,new,mobile,A,39,0,0.0
584,new,mobile,B,13,0,0.0
585,returning,mobile,B,28,3,0.10714285714285714
586,returning,desktop,B,40,3,0.075
587,new,mobile,A,19,0,0.0
588,new,mobile,A,50,2,0.04
589,new,mobile,B,43,1,0.023255813953488372
590,new,mobile,A,44,1,0.022727272727272728
591,returning,mobile,B,13,0,0.0
592,returning,mobile,A,33,0,0.0
593,new,desktop,A,31,1,0.03225806451612903
594,returning,mobile,B,35,1,0.02857142857142857
595,new,desktop,B,44,1,0.022727272727272728
596,new,mobile,A,24,0,0.0
597,returning,mobile,B,31,3,0.0967741935483871
598,returning,mobile,A,37,2,0.05405405405405406
599,returning,desktop,B,40,3,0.075
600,returning,mobile,B,41,0,0.0
601,returning,desktop,B,23,1,0.043478260869565216
602,returning,mobile,B,50,4,0.08
603,returning,mobile,A,10,0,0.0
604,returning,desktop,B,30,0,0.0
605,returning,mobile,A,34,0,0.0
606,returning,mobile,A,12,0,0.0
607,returning,desktop,A,28,0,0.0
608,new,mobile,A,34,1,0.029411764705882353
609,returning,mobile,B,34,1,0.029411764705882353
610,returning,mobile,A,14,1,0.07142857142857142
611,returning,mobile,A,21,0,0.0
612,returning,desktop,A,20,0,0.0
613,returning,desktop,B,36,1,0.027777777777777776
614,returning,mobile,B,23,0,0.0
615,new,desktop,B,33,0,0.0
616,returning,mobile,A,39,0,0.0
617,returning,mobile,A,42,0,0.0
618,new,mobile,B,17,0,0.0
619,new,desktop,B,47,0,0.0
620,new,mobile,B,16,0,0.0
621,returning,mobile,B,10,2,0.2
622,returning,mobile,B,11,2,0.18181818181818182
623,returning,desktop,B,18,0,0.0
624,returning,mobile,A,45,1,0.022222222222222223
625,returning,mobile,A,18,0,0.0
626,returning,desktop,A,38,2,0.05263157894736842
627,returning,mobile,A,27,1,0.037037037037037035
628,new,mobile,A,11,0,0.0
629,returning,mobile,B,28,0,0.0
630,returning,mobile,A,11,0,0.0
631,returning,mobile,A,29,2,0.06896551724137931
632,returning,desktop,A,32,2,0.0625
633,new,mobile,A,31,0,0.0
634,new,mobile,A,21,1,0.047619047619047616
635,new,desktop,A,41,0,0.0
636,new,mobile,B,34,2,0.058823529411764705
637,returning,mobile,B,20,2,0.1
638,returning,desktop,A,27,1,0.037037037037037035
639,returning,mobile,B,14,0,0.0
640,returning,desktop,B,47,2,0.0425531914893617
641,returning,desktop,B,40,1,0.025
642,returning,mobile,A,21,1,0.047619047619047616
643,new,mobile,B,37,1,0.02702702702702703
644,new,mobile,A,37,3,0.08108108108108109
645,returning,mobile,A,34,0,0.0
646,returning,mobile,A,12,0,0.0
647,new,mobile,B,46,1,0.021739130434782608
648,returning,desktop,A,49,0,0.0
649,returning,desktop,A,49,1,0.02040816326530612
650,new,desktop,A,50,2,0.04
651,returning,mobile,A,48,0,0.0
652,returning,mobile,B,40,0,0.0
653,returning,mobile,A,12,0,0.0
654,new,mobile,A,29,0,0.0
655,returning,desktop,A,20,1,0.05
656,new,mobile,A,19,2,0.10526315789473684
657,returning,mobile,A,44,0,0.0
658,new,desktop,B,43,2,0.046511627906976744
659,returning,mobile,A,31,2,0.06451612903225806
660,new,mobile,A,40,6,0.15
661,new,mobile,B,15,0,0.0
662,returning,mobile,B,19,0,0.0
663,new,desktop,A,45,1,0.022222222222222223
664,new,mobile,A,28,2,0.07142857142857142
665,new,desktop,A,32,1,0.03125
666,returning,desktop,B,28,0,0.0
667,returning,desktop,A,18,0,0.0
668,returning,mobile,A,43,2,0.046511627906976744
669,new,mobile,B,41,4,0.0975609756097561
670,returning,desktop,A,38,0,0.0
671,new,mobile,A,24,1,0.041666666666666664
672,returning,mobile,B,36,1,0.027777777777777776
673,returning,desktop,A,49,1,0.02040816326530612
674,returning,mobile,B,36,1,0.027777777777777776
675,returning,desktop,B,30,2,0.06666666666666667
676,new,desktop,A,21,3,0.14285714285714285
677,returning,desktop,B,31,1,0.03225806451612903
678,returning,mobile,B,25,1,0.04
679,new,desktop,B,35,1,0.02857142857142857
680,new,mobile,A,11,0,0.0
681,new,desktop,A,17,0,0.0
682,new,desktop,A,42,0,0.0
683,new,desktop,B,25,1,0.04
684,returning,mobile,A,27,0,0.0
685,returning,mobile,B,32,1,0.03125
686,new,mobile,B,27,2,0.07407407407407407
687,returning,mobile,B,41,1,0.024390243902439025
688,returning,mobile,A,20,1,0.05
689,returning,mobile,A,41,3,0.07317073170731707
690,returning,mobile,B,18,1,0.05555555555555555
691,new,desktop,A,25,0,0.0
692,returning,desktop,A,34,0,0.0
693,new,mobile,B,46,2,0.043478260869565216
694,new,desktop,B,19,0,0.0
695,returning,mobile,B,34,0,0.0
696,returning,mobile,B,12,0,0.0
697,returning,mobile,A,13,0,0.0
698,returning,desktop,A,41,0,0.0
699,returning,desktop,A,39,1,0.02564102564102564
700,new,desktop,A,25,0,0.0
701,new,desktop,B,35,1,0.02857142857142857
702,new,desktop,A,25,1,0.04
703,new,mobile,B,21,0,0.0
704,returning,mobile,B,27,1,0.037037037037037035
705,new,mobile,B,22,1,0.045454545454545456
706,returning,desktop,A,43,1,0.023255813953488372
707,returning,mobile,A,26,2,0.07692307692307693
708,returning,mobile,B,23,0,0.0
709,returning,desktop,B,31,0,0.0
710,returning,mobile,A,41,3,0.07317073170731707
711,returning,desktop,A,21,1,0.047619047619047616
712,returning,mobile,B,48,2,0.041666666666666664
713,returning,desktop,B,29,0,0.0
714,returning,desktop,A,37,0,0.0
715,returning,mobile,A,49,2,0.04081632653061224
716,new,desktop,B,27,0,0.0
717,returning,mobile,B,18,0,0.0
718,new,mobile,B,40,3,0.075
719,returning,mobile,A,10,0,0.0
720,returning,desktop,A,28,0,0.0
721,returning,mobile,B,50,0,0.0
722,returning,mobile,B,26,1,0.038461538461538464
723,new,desktop,B,38,1,0.02631578947368421
724,returning,mobile,A,31,2,0.06451612903225806
725,new,mobile,A,18,0,0.0
726,new,mobile,A,23,0,0.0
727,new,mobile,A,31,1,0.03225806451612903
728,new,desktop,B,14,0,0.0
729,returning,mobile,A,27,1,0.037037037037037035
730,returning,mobile,B,27,3,0.1111111111111111
731,new,desktop,B,44,1,0.022727272727272728
732,new,mobile,B,15,0,0.0
733,new,desktop,B,44,4,0.09090909090909091
734,new,mobile,A,26,0,0.0
735,new,desktop,B,36,3,0.08333333333333333
736,returning,desktop,A,32,0,0.0
737,new,desktop,A,22,0,0.0
738,new,mobile,A,48,4,0.08333333333333333
739,new,mobile,A,19,1,0.05263157894736842
740,returning,desktop,B,11,0,0.0
741,new,mobile,A,40,0,0.0
742,new,mobile,A,35,1,0.02857142857142857
743,returning,mobile,A,46,2,0.043478260869565216
744,new,desktop,A,28,0,0.0
745,returning,desktop,B,10,1,0.1
746,returning,mobile,A,10,0,0.0
747,new,desktop,B,27,0,0.0
748,returning,mobile,A,20,0,0.0
749,returning,mobile,B,47,2,0.0425531914893617
750,returning,mobile,A,14,0,0.0
751,new,mobile,A,46,0,0.0
752,new,mobile,A,18,0,0.0
753,new,desktop,B,14,0,0.0
754,returning,desktop,B,21,0,0.0
755,returning,mobile,A,15,1,0.06666666666666667
756,new,mobile,B,26,1,0.038461538461538464
757,new,mobile,B,23,5,0.21739130434782608
758,returning,desktop,A,31,2,0.06451612903225806
759,new,desktop,A,32,1,0.03125
760,returning,desktop,B,10,1,0.1
761,returning,mobile,B,15,1,0.06666666666666667
762,new,mobile,B,16,0,0.0
763,new,mobile,A,17,1,0.058823529411764705
764,new,mobile,A,13,0,0.0
765,returning,mobile,A,22,1,0.045454545454545456
766,new,mobile,A,32,1,0.03125
767,new,desktop,B,22,0,0.0
768,new,mobile,A,23,0,0.0
769,new,mobile,A,29,3,0.10344827586206896
770,returning,desktop,A,32,0,0.0
771,new,mobile,A,23,0,0.0
772,returning,desktop,B,19,0,0.0
773,returning,mobile,A,26,1,0.038461538461538464
774,returning,desktop,B,10,1,0.1
775,new,mobile,A,30,2,0.06666666666666667
776,returning,mobile,A,48,1,0.020833333333333332
777,returning,desktop,A,26,0,0.0
778,new,mobile,B,14,0,0.0
779,returning,mobile,A,38,1,0.02631578947368421
780,returning,mobile,A,15,1,0.06666666666666667
781,new,mobile,B,17,1,0.058823529411764705
782,returning,desktop,B,16,0,0.0
783,returning,mobile,A,46,1,0.021739130434782608
784,returning,mobile,B,50,2,0.04
785,returning,mobile,B,33,1,0.030303030303030304
786,new,desktop,A,35,1,0.02857142857142857
787,returning,mobile,B,36,2,0.05555555555555555
788,new,mobile,A,35,1,0.02857142857142857
789,returning,desktop,A,32,3,0.09375
790,returning,mobile,B,50,2,0.04
791,new,desktop,A,40,0,0.0
792,returning,mobile,B,13,0,0.0
793,new,mobile,B,26,1,0.038461538461538464
794,new,mobile,A,49,2,0.04081632653061224
795,new,desktop,A,26,1,0.038461538461538464
796,new,mobile,A,18,1,0.05555555555555555
797,new,mobile,B,45,1,0.022222222222222223
798,new,mobile,A,35,1,0.02857142857142857
799,returning,mobile,A,33,2,0.06060606060606061
800,returning,mobile,B,27,1,0.037037037037037035
801,returning,mobile,B,15,0,0.0
802,new,mobile,B,25,0,0.0
803,returning,mobile,A,27,0,0.0
804,returning,mobile,B,48,3,0.0625
805,new,mobile,B,22,2,0.09090909090909091
806,new,mobile,B,16,1,0.0625
807,returning,mobile,A,27,0,0.0
808,new,mobile,B,50,2,0.04
809,returning,mobile,A,29,1,0.034482758620689655
810,returning,mobile,B,25,0,0.0
811,new,mobile,A,37,2,0.05405405405405406
812,new,mobile,A,36,0,0.0
813,returning,desktop,B,22,0,0.0
814,returning,mobile,B,49,0,0.0
815,new,desktop,B,34,0,0.0
816,returning,mobile,A,12,1,0.08333333333333333
817,returning,desktop,B,26,1,0.038461538461538464
818,returning,mobile,A,47,1,0.02127659574468085
819,returning,mobile,B,26,1,0.038461538461538464
820,new,mobile,B,33,1,0.030303030303030304
821,new,desktop,B,35,1,0.02857142857142857
822,returning,mobile,B,38,0,0.0
823,new,mobile,B,45,2,0.044444444444444446
824,returning,mobile,B,16,0,0.0
825,returning,desktop,A,31,1,0.03225806451612903
826,new,mobile,A,31,0,0.0
827,returning,mobile,A,16,1,0.0625
828,new,mobile,B,37,2,0.05405405405405406
829,returning,desktop,B,14,0,0.0
830,new,mobile,A,28,0,0.0
831,returning,mobile,A,23,2,0.08695652173913043
832,returning,desktop,A,16,0,0.0
833,new,mobile,A,43,2,0.046511627906976744
834,returning,mobile,A,20,0,0.0
835,returning,mobile,B,20,0,0.0
836,returning,mobile,B,45,2,0.044444444444444446
837,returning,mobile,A,45,3,0.06666666666666667
838,returning,mobile,A,11,0,0.0
839,returning,desktop,B,21,1,0.047619047619047616
840,returning,desktop,B,39,2,0.05128205128205128
841,new,mobile,B,41,0,0.0
842,returning,mobile,A,50,1,0.02
843,returning,mobile,A,32,0,0.0
844,returning,desktop,A,10,0,0.0
845,new,mobile,B,45,2,0.044444444444444446
846,returning,mobile,B,16,0,0.0
847,new,mobile,B,14,0,0.0
848,returning,mobile,A,37,2,0.05405405405405406
849,new,mobile,A,34,1,0.029411764705882353
850,returning,desktop,B,12,0,0.0
851,new,mobile,B,16,1,0.0625
852,new,desktop,B,34,0,0.0
853,returning,mobile,A,20,1,0.05
854,returning,desktop,A,38,1,0.02631578947368421
855,new,desktop,A,26,0,0.0
856,returning,desktop,B,34,0,0.0
857,returning,mobile,B,29,1,0.034482758620689655
858,returning,mobile,B,24,1,0.041666666666666664
859,new,mobile,A,24,0,0.0
860,returning,mobile,B,38,3,0.07894736842105263
861,returning,mobile,A,31,2,0.06451612903225806
862,returning,desktop,B,34,0,0.0
863,returning,desktop,B,33,1,0.030303030303030304
864,returning,mobile,B,18,0,0.0
865,new,mobile,B,47,7,0.14893617021276595
866,returning,desktop,B,33,0,0.0
867,returning,desktop,A,39,0,0.0
868,returning,mobile,A,46,1,0.021739130434782608
869,new,mobile,B,47,1,0.02127659574468085
870,new,desktop,B,37,2,0.05405405405405406
871,returning,mobile,A,42,1,0.023809523809523808
872,new,mobile,B,29,0,0.0
873,returning,desktop,A,40,0,0.0
874,new,desktop,B,23,2,0.08695652173913043
875,returning,desktop,A,39,2,0.05128205128205128
876,returning,desktop,B,13,0,0.0
877,new,mobile,A,47,1,0.02127659574468085
878,new,mobile,A,20,0,0.0
879,returning,mobile,B,36,3,0.08333333333333333
880,returning,mobile,B,10,1,0.1
881,returning,mobile,A,16,0,0.0
882,returning,mobile,B,50,4,0.08
883,returning,mobile,A,44,0,0.0
884,returning,desktop,A,19,1,0.05263157894736842
885,new,mobile,A,15,0,0.0
886,new,mobile,A,43,0,0.0
887,new,mobile,B,50,2,0.04
888,new,mobile,B,16,0,0.0
889,new,desktop,A,37,3,0.08108108108108109
890,returning,mobile,A,21,0,0.0
891,new,mobile,B,40,3,0.075
892,returning,desktop,B,27,1,0.037037037037037035
893,new,mobile,A,15,1,0.06666666666666667
894,new,mobile,A,23,2,0.08695652173913043
895,returning,mobile,A,32,1,0.03125
896,returning,mobile,A,42,1,0.023809523809523808
897,new,mobile,B,10,0,0.0
898,new,mobile,B,49,1,0.02040816326530612
899,new,mobile,B,36,3,0.08333333333333333
900,returning,mobile,B,45,1,0.022222222222222223
901,returning,mobile,A,48,1,0.020833333333333332
902,new,mobile,B,16,0,0.0
903,new,desktop,B,13,0,0.0
904,returning,mobile,B,41,2,0.04878048780487805
905,returning,mobile,A,17,0,0.0
906,returning,mobile,B,16,1,0.0625
907,returning,mobile,A,29,1,0.034482758620689655
908,new,mobile,B,47,2,0.0425531914893617
909,new,desktop,B,42,0,0.0
910,new,desktop,B,31,1,0.03225806451612903
911,returning,mobile,B,18,0,0.0
912,returning,mobile,B,23,0,0.0
913,returning,desktop,A,38,1,0.02631578947368421
914,returning,mobile,B,16,1,0.0625
915,returning,mobile,B,31,1,0.03225806451612903
916,returning,mobile,A,10,1,0.1
917,new,mobile,A,23,0,0.0
918,new,desktop,A,20,1,0.05
919,new,mobile,B,37,4,0.10810810810810811
920,returning,desktop,B,47,1,0.02127659574468085
921,new,mobile,B,16,1,0.0625
922,returning,mobile,B,42,2,0.047619047619047616
923,returning,mobile,B,36,2,0.05555555555555555
924,returning,mobile,B,49,2,0.04081632653061224
925,new,mobile,A,47,2,0.0425531914893617
926,new,mobile,A,14,0,0.0
927,new,mobile,A,40,2,0.05
928,returning,desktop,B,34,0,0.0
929,returning,mobile,A,14,2,0.14285714285714285
930,returning,mobile,A,20,0,0.0
931,new,mobile,A,48,1,0.020833333333333332
932,new,mobile,B,32,2,0.0625
933,returning,desktop,B,23,0,0.0
934,returning,desktop,B,23,0,0.0
935,returning,desktop,A,44,2,0.045454545454545456
936,new,mobile,B,21,0,0.0
937,returning,mobile,B,16,0,0.0
938,new,mobile,B,33,1,0.030303030303030304
939,returning,mobile,A,50,1,0.02
940,new,mobile,A,17,0,0.0
941,new,mobile,B,20,0,0.0
942,returning,mobile,A,29,0,0.0
943,new,mobile,B,18,0,0.0
944,returning,mobile,B,36,0,0.0
945,returning,desktop,A,20,1,0.05
946,new,desktop,B,15,0,0.0
947,returning,mobile,A,20,0,0.0
948,returning,desktop,B,48,1,0.020833333333333332
949,returning,mobile,A,48,3,0.0625
950,new,desktop,A,30,1,0.03333333333333333
951,returning,desktop,A,26,0,0.0
952,new,mobile,A,43,1,0.023255813953488372
953,new,desktop,B,17,0,0.0
954,new,desktop,A,36,2,0.05555555555555555
955,returning,desktop,A,37,2,0.05405405405405406
956,returning,desktop,A,39,2,0.05128205128205128
957,returning,mobile,A,18,0,0.0
958,returning,mobile,A,39,0,0.0
959,returning,desktop,B,35,0,0.0
960,returning,mobile,B,45,1,0.022222222222222223
961,returning,mobile,A,17,0,0.0
962,returning,mobile,B,35,2,0.05714285714285714
963,new,mobile,B,44,0,0.0
964,new,mobile,A,21,2,0.09523809523809523
965,returning,desktop,B,40,0,0.0
966,returning,mobile,A,14,0,0.0
967,returning,desktop,A,39,2,0.05128205128205128
968,new,desktop,A,34,1,0.029411764705882353
969,returning,mobile,A,17,0,0.0
970,new,mobile,B,12,0,0.0
971,new,mobile,B,40,1,0.025
972,new,desktop,A,19,0,0.0
973,new,desktop,B,30,1,0.03333333333333333
974,returning,mobile,B,12,0,0.0
975,new,mobile,B,49,2,0.04081632653061224
976,returning,mobile,B,32,0,0.0
977,returning,mobile,B,48,2,0.041666666666666664
978,returning,desktop,A,16,1,0.0625
979,returning,desktop,B,18,0,0.0
980,new,mobile,B,35,0,0.0
981,returning,desktop,B,34,1,0.029411764705882353
982,returning,mobile,B,42,2,0.047619047619047616
983,returning,desktop,A,48,2,0.041666666666666664
984,returning,mobile,A,43,2,0.046511627906976744
985,new,mobile,A,15,0,0.0
986,returning,desktop,A,22,0,0.0
987,new,mobile,B,47,2,0.0425531914893617
988,new,mobile,B,32,0,0.0
989,new,desktop,B,45,2,0.044444444444444446
990,returning,mobile,B,33,0,0.0
991,returning,mobile,B,12,0,0.0
992,returning,mobile,B,29,1,0.034482758620689655
993,returning,mobile,B,43,2,0.046511627906976744
994,new,mobile,B,36,2,0.05555555555555555
995,returning,mobile,B,15,0,0.0
996,returning,desktop,A,18,1,0.05555555555555555
997,returning,mobile,B,45,3,0.06666666666666667
998,new,mobile,B,50,3,0.06
999,returning,desktop,B,40,2,0.05
1000,new,mobile,A,14,1,0.07142857142857142
